{
  "benchmark_name": "bnr_context_linear_t060_v1",
  "best_feature_family": {
    "avg_trade_r": 0.6556206869493268,
    "feature_family": "context_plus_reclaim",
    "max_drawdown_r": -1.0203389830508476,
    "negative_sessions": 2,
    "positive_sessions": 4,
    "status": "complete",
    "total_pnl_r": 5.244965495594615,
    "trade_count": 8,
    "utility_score": 5.007521601781143,
    "win_rate": 0.625
  },
  "ranked_rows": [
    {
      "avg_trade_r": 0.6556206869493268,
      "feature_family": "context_plus_reclaim",
      "max_drawdown_r": -1.0203389830508476,
      "negative_sessions": 2,
      "positive_sessions": 4,
      "status": "complete",
      "total_pnl_r": 5.244965495594615,
      "trade_count": 8,
      "utility_score": 5.007521601781143,
      "win_rate": 0.625
    },
    {
      "avg_trade_r": 0.4751854064181482,
      "feature_family": "pre_trigger_context",
      "max_drawdown_r": -1.0203389830508474,
      "negative_sessions": 2,
      "positive_sessions": 3,
      "status": "complete",
      "total_pnl_r": 2.375927032090741,
      "trade_count": 5,
      "utility_score": 2.0482654980116797,
      "win_rate": 0.6
    },
    {
      "avg_trade_r": 0.2648829427157916,
      "feature_family": "context_plus_geometry",
      "max_drawdown_r": -2.0406779661016947,
      "negative_sessions": 2,
      "positive_sessions": 3,
      "status": "complete",
      "total_pnl_r": 1.8541805990105413,
      "trade_count": 7,
      "utility_score": 0.6561135957921662,
      "win_rate": 0.5714285714285714
    },
    {
      "avg_trade_r": 0.12400204356644386,
      "feature_family": "reclaim_plus_engineer",
      "max_drawdown_r": -1.0203389830508474,
      "negative_sessions": 2,
      "positive_sessions": 1,
      "status": "complete",
      "total_pnl_r": 0.3720061306993316,
      "trade_count": 3,
      "utility_score": -0.18124708480558194,
      "win_rate": 0.3333333333333333
    }
  ],
  "source": "walk_forward_stitched_event_driven_feature_cycle",
  "threshold": 0.6
}